{"_wandb":{"runtime":9184},"valid_loss":1.009443759918213,"_runtime":9184.695781432,"_step":99999,"loss":1.03251051902771,"_timestamp":1.751947042589338e+09}