{"_wandb":{"runtime":2},"_runtime":2.200631544,"_step":0,"loss":5.773008346557617,"_timestamp":1.7519404648534203e+09,"valid_loss":5.134904861450195}