{"_wandb":{"runtime":117},"_step":1883,"loss":1.665515422821045,"_timestamp":1.7519378234756608e+09,"valid_loss":1.703580379486084,"_runtime":117.163514931}