{"loss":0.7260929346084595,"_timestamp":1.7519495866363919e+09,"_wandb":{"runtime":9013},"valid_loss":0.73642897605896,"_runtime":9013.610222683,"_step":99999}