{"_timestamp":1.7519359383420506e+09,"valid_loss":1.3284306526184082,"_runtime":494.768991449,"_step":1969,"_wandb":{"runtime":494},"loss":1.6118727922439575}